Date,Event_Count,Avg_Tone,War_Flag,Crisis_Flag,Inflation_Flag,Rate_Hike_Flag,Recession_Flag
2023-01-01,790,0.1398,0,0,0,0,0
2023-01-02,1226,-1.0132,0,0,0,0,0
2023-01-03,1155,-1.5468,0,0,0,0,0
2023-01-04,1210,-2.4713,0,0,0,0,1
2023-01-05,1242,1.3103,0,0,0,0,0
2023-01-06,1160,0.8688,0,0,0,0,0
2023-01-07,785,-3.4322,0,0,0,0,0
2023-01-08,795,-0.4824,0,0,1,1,0
2023-01-09,1212,-3.9291,0,0,0,0,0
2023-01-10,1176,-4.949,0,0,0,0,0
2023-01-11,1195,-3.0668,0,0,0,0,0
2023-01-12,1164,0.656,0,0,0,0,1
2023-01-13,1209,0.8828,0,0,0,0,0
2023-01-14,808,-0.2173,0,0,0,0,0
2023-01-15,785,0.3127,0,0,1,1,0
2023-01-16,1220,-0.2096,0,0,0,0,0
2023-01-17,1148,-3.1037,0,0,0,0,0
2023-01-18,1172,-0.4202,0,0,0,0,0
2023-01-19,1178,0.501,0,0,0,0,0
2023-01-20,1204,0.3857,0,0,0,0,0
2023-01-21,807,1.4723,0,0,0,0,0
2023-01-22,758,0.2708,0,0,0,0,0
2023-01-23,1108,-0.6214,1,0,0,0,1
2023-01-24,1188,1.1754,0,0,0,0,0
2023-01-25,1240,-1.5663,1,0,0,0,0
2023-01-26,1174,-3.7047,0,0,0,0,0
2023-01-27,1153,-1.9077,0,0,0,0,0
2023-01-28,821,-3.3623,0,0,0,0,0
2023-01-29,815,-3.1879,0,0,0,0,0
2023-01-30,1232,-1.8613,0,0,0,0,0
2023-01-31,1184,-3.481,0,0,0,0,0
2023-02-01,1248,-2.2699,0,0,0,0,0
2023-02-02,1180,-6.234,0,0,0,0,0
2023-02-03,1178,-0.9668,0,0,0,0,0
2023-02-04,817,-1.497,0,0,0,0,0
2023-02-05,836,-3.5427,0,0,0,0,0
2023-02-06,1148,0.1481,0,0,0,0,1
2023-02-07,1230,0.8439,1,0,0,0,0
2023-02-08,1231,-5.5189,0,0,1,0,0
2023-02-09,1202,-3.4068,0,0,0,0,0
2023-02-10,1179,-3.4229,0,0,1,1,0
2023-02-11,840,-3.8498,0,0,0,0,0
2023-02-12,793,0.5737,0,0,0,0,0
2023-02-13,1167,-1.9846,0,0,0,0,0
2023-02-14,1176,-2.1613,0,0,0,0,0
2023-02-15,1270,-6.5097,0,0,0,0,0
2023-02-16,1214,0.0885,0,0,0,0,0
2023-02-17,1237,-4.5981,0,0,0,0,0
2023-02-18,836,-1.3502,0,0,0,0,0
2023-02-19,824,-0.8066,0,0,0,0,0
2023-02-20,1179,1.9016,0,0,0,0,0
2023-02-21,1167,-4.7721,0,0,1,1,0
2023-02-22,1238,-9.0488,0,0,1,0,0
2023-02-23,1190,-1.0404,0,0,0,1,0
2023-02-24,1148,3.0013,0,0,0,0,0
2023-02-25,852,1.5974,0,0,0,0,0
2023-02-26,801,-0.9759,0,0,0,0,0
2023-02-27,1184,-2.7291,1,0,0,0,0
2023-02-28,1302,0.5178,0,0,0,0,0
2023-03-01,1200,-3.9339,0,0,0,0,0
2023-03-02,1176,-0.3091,0,0,0,0,0
2023-03-03,1212,-0.2363,0,0,0,0,0
2023-03-04,744,1.1505,1,0,0,0,0
2023-03-05,840,5.3992,0,0,0,0,0
2023-03-06,1154,-0.519,0,0,0,0,0
2023-03-07,1219,-2.7724,0,0,0,0,0
2023-03-08,1168,-1.5639,0,0,0,1,0
2023-03-09,1185,-5.9227,0,0,0,0,0
2023-03-10,1214,-3.2368,0,0,0,0,0
2023-03-11,759,-2.5232,0,0,0,0,0
2023-03-12,786,-2.8102,0,0,1,1,0
2023-03-13,1219,-1.1191,1,0,1,0,1
2023-03-14,1201,-3.556,0,0,0,0,0
2023-03-15,1215,1.3026,0,0,1,0,0
2023-03-16,1221,-1.4995,1,0,0,0,0
2023-03-17,1274,-1.5233,0,0,0,0,0
2023-03-18,788,-2.3197,1,0,0,0,0
2023-03-19,844,-1.112,0,0,0,1,0
2023-03-20,1172,0.5627,0,0,0,1,0
2023-03-21,1238,-3.6678,1,0,0,0,0
2023-03-22,1203,-3.1453,0,0,0,0,0
2023-03-23,1140,-2.2593,0,0,0,0,0
2023-03-24,1257,-4.8647,0,0,0,0,0
2023-03-25,788,-3.5481,0,0,0,0,0
2023-03-26,816,-2.6906,0,1,0,1,0
2023-03-27,1254,0.686,0,0,0,0,0
2023-03-28,1215,-0.8436,0,0,1,1,0
2023-03-29,1156,-1.016,0,0,0,0,0
2023-03-30,1212,0.6272,0,0,1,1,0
2023-03-31,1142,-1.8434,0,0,0,0,0
2023-04-01,803,-0.5238,0,0,1,0,0
2023-04-02,811,-1.7581,0,0,0,0,0
2023-04-03,1224,-0.8366,0,0,0,0,0
2023-04-04,1180,-2.9569,0,0,0,0,0
2023-04-05,1216,-7.597,0,0,0,1,0
2023-04-06,1216,-1.8357,0,0,0,0,0
2023-04-07,1140,2.0569,0,0,0,0,0
2023-04-08,781,0.8155,0,0,0,0,0
2023-04-09,836,0.9135,0,0,0,0,0
2023-04-10,1234,1.5903,0,0,0,0,0
2023-04-11,1208,-1.2784,0,0,0,0,0
2023-04-12,1162,-1.0067,0,0,0,0,0
2023-04-13,1174,-3.0441,0,0,1,1,0
2023-04-14,1215,-2.2902,0,0,0,0,0
2023-04-15,842,0.0394,0,0,0,0,0
2023-04-16,794,1.5097,0,0,0,0,0
2023-04-17,1177,-1.8486,0,0,0,0,0
2023-04-18,1245,-2.6255,0,0,0,0,0
2023-04-19,1159,-1.4987,0,0,0,0,0
2023-04-20,1274,0.003,0,0,0,0,0
2023-04-21,1207,-5.1096,0,0,0,0,0
2023-04-22,768,-7.2405,0,0,0,0,0
2023-04-23,833,-2.8763,0,0,0,0,0
2023-04-24,1221,-4.5518,0,0,0,0,0
2023-04-25,1184,-2.7704,0,0,0,0,0
2023-04-26,1237,-1.8695,0,0,0,0,0
2023-04-27,1248,-2.6331,0,0,0,0,0
2023-04-28,1201,2.1312,0,0,1,0,0
2023-04-29,824,-0.6831,0,0,0,0,0
2023-04-30,815,-0.7488,0,0,0,0,0
2023-05-01,1254,0.0555,0,0,0,0,0
2023-05-02,1186,-4.3471,0,0,0,0,0
2023-05-03,1208,1.0978,1,0,0,0,0
2023-05-04,1196,-1.6894,0,0,0,0,0
2023-05-05,1176,0.1762,0,0,0,0,0
2023-05-06,721,-4.1796,0,0,0,1,0
2023-05-07,826,-5.3844,0,0,0,0,0
2023-05-08,1149,0.5447,0,0,1,0,0
2023-05-09,1231,-0.559,0,0,0,0,0
2023-05-10,1213,-3.7551,0,0,0,0,0
2023-05-11,1116,-3.6742,0,0,0,1,1
2023-05-12,1204,1.3136,0,0,0,0,0
2023-05-13,800,-4.4735,0,0,0,0,0
2023-05-14,823,2.6067,0,0,0,0,0
2023-05-15,1192,-3.7516,0,0,0,0,0
2023-05-16,1242,0.096,0,0,0,0,0
2023-05-17,1190,-2.3215,0,0,0,0,0
2023-05-18,1156,0.008,0,0,0,1,0
2023-05-19,1204,-2.8603,0,0,0,0,0
2023-05-20,812,-1.907,0,0,0,0,0
2023-05-21,804,-1.3977,0,0,0,0,0
2023-05-22,1191,-4.0055,0,0,0,0,0
2023-05-23,1184,0.3521,0,0,0,0,0
2023-05-24,1110,-2.783,0,0,0,0,0
2023-05-25,1245,-2.0715,0,0,0,0,0
2023-05-26,1197,-3.9859,0,0,0,0,0
2023-05-27,799,-7.9058,0,0,0,0,0
2023-05-28,772,-1.9776,0,0,0,0,1
2023-05-29,1189,4.5315,0,1,0,0,0
2023-05-30,1214,0.4615,0,0,0,0,0
2023-05-31,1185,-1.5482,0,0,0,0,0
2023-06-01,1200,-2.1572,0,0,0,0,0
2023-06-02,1218,-1.4438,0,0,0,0,0
2023-06-03,752,-0.1322,0,0,0,0,0
2023-06-04,851,-4.452,0,0,0,0,0
2023-06-05,1188,1.2858,0,0,0,0,0
2023-06-06,1195,0.2885,0,0,0,0,0
2023-06-07,1278,0.2955,0,0,0,1,0
2023-06-08,1162,-0.4038,0,0,0,0,0
2023-06-09,1142,-1.451,0,0,0,0,0
2023-06-10,760,0.1822,0,0,0,0,0
2023-06-11,753,-0.0205,0,0,0,0,1
2023-06-12,1244,-2.3851,0,0,0,0,0
2023-06-13,1238,-2.934,0,0,0,0,0
2023-06-14,1147,-1.2454,0,0,0,0,0
2023-06-15,1214,2.3726,0,0,0,0,0
2023-06-16,1226,-4.5978,0,0,0,0,0
2023-06-17,783,-5.1688,1,0,0,0,0
2023-06-18,819,-1.0881,0,0,0,0,0
2023-06-19,1185,-1.3728,1,0,0,0,0
2023-06-20,1182,-1.0666,0,0,0,0,0
2023-06-21,1246,-0.8901,0,0,1,1,0
2023-06-22,1228,-2.058,0,0,0,1,0
2023-06-23,1143,2.2247,0,0,0,0,0
2023-06-24,800,-5.5023,0,0,0,0,0
2023-06-25,786,-3.5712,0,0,0,0,0
2023-06-26,1188,-1.7581,0,0,0,0,0
2023-06-27,1258,-5.608,0,0,0,0,0
2023-06-28,1179,-1.9396,0,0,0,0,0
2023-06-29,1286,2.6537,0,0,0,0,0
2023-06-30,1214,-1.4478,0,0,0,0,0
2023-07-01,784,-0.9232,0,0,0,0,0
2023-07-02,812,-4.6504,0,0,0,0,0
2023-07-03,1234,-3.0409,0,0,0,0,0
2023-07-04,1138,-2.438,0,0,0,0,0
2023-07-05,1120,-2.2943,0,0,0,0,0
2023-07-06,1194,1.7041,0,0,0,0,0
2023-07-07,1183,-0.1058,0,1,0,0,0
2023-07-08,768,-4.2786,0,0,0,0,0
2023-07-09,808,-0.8837,0,0,0,0,0
2023-07-10,1136,-0.2544,0,0,1,0,0
2023-07-11,1130,1.3504,0,0,0,0,0
2023-07-12,1222,2.4514,0,0,0,0,0
2023-07-13,1185,-4.0377,0,0,0,0,1
2023-07-14,1186,-3.5271,0,0,0,0,0
2023-07-15,821,-4.6439,0,0,0,0,0
2023-07-16,794,-2.085,0,0,0,0,0
2023-07-17,1146,-0.3341,0,0,0,0,0
2023-07-18,1119,0.9683,0,0,0,0,0
2023-07-19,1147,-1.6899,0,0,0,0,0
2023-07-20,1228,-2.2996,0,0,0,0,0
2023-07-21,1302,-1.1206,1,0,0,0,0
2023-07-22,784,-3.5879,0,0,0,0,0
2023-07-23,754,3.7238,0,0,0,0,0
2023-07-24,1214,-5.5192,0,0,0,0,1
2023-07-25,1195,-1.0381,0,0,0,0,0
2023-07-26,1209,3.559,0,0,0,0,0
2023-07-27,1108,-1.483,0,0,0,0,0
2023-07-28,1195,-1.9751,1,0,0,0,0
2023-07-29,783,-2.3936,0,0,0,0,0
2023-07-30,797,-1.951,0,0,0,0,0
2023-07-31,1208,1.9321,1,0,0,0,0
2023-08-01,1222,-7.0297,0,0,0,1,0
2023-08-02,1178,2.3336,0,0,0,0,0
2023-08-03,1220,-5.0599,0,0,0,0,0
2023-08-04,1261,-2.1666,0,0,0,0,0
2023-08-05,856,-2.5731,0,0,0,0,0
2023-08-06,808,-0.0286,0,0,0,0,0
2023-08-07,1272,-5.4953,0,0,0,0,0
2023-08-08,1108,-0.3446,0,0,0,0,0
2023-08-09,1186,3.5608,0,0,0,0,0
2023-08-10,1209,-4.9079,0,0,0,0,0
2023-08-11,1242,-1.0257,0,0,0,0,0
2023-08-12,793,-3.155,0,0,0,0,0
2023-08-13,829,-0.4353,0,0,0,0,0
2023-08-14,1194,-1.4521,0,0,0,0,0
2023-08-15,1290,-3.1037,0,0,0,0,0
2023-08-16,1167,-0.2803,0,0,0,0,0
2023-08-17,1213,3.0109,0,0,0,0,0
2023-08-18,1146,-1.9773,0,0,0,0,0
2023-08-19,801,0.2994,0,0,0,0,1
2023-08-20,801,-4.7332,0,0,0,0,0
2023-08-21,1206,-3.8911,0,0,0,0,0
2023-08-22,1250,-0.319,0,0,0,0,0
2023-08-23,1152,2.2103,0,0,0,0,0
2023-08-24,1230,-0.611,0,0,0,0,0
2023-08-25,1222,-2.2826,0,0,0,0,0
2023-08-26,768,-1.5018,0,0,1,0,0
2023-08-27,788,-4.626,0,0,0,0,0
2023-08-28,1188,0.0113,0,0,0,0,0
2023-08-29,1258,0.7058,0,0,0,0,0
2023-08-30,1201,-2.6302,1,0,0,0,0
2023-08-31,1189,-2.6751,0,0,0,0,0
2023-09-01,1154,-0.8353,0,0,0,0,0
2023-09-02,799,-2.5918,0,0,0,0,0
2023-09-03,796,-1.6653,0,0,0,0,0
2023-09-04,1198,3.7493,0,0,0,0,0
2023-09-05,1214,-2.1176,1,0,1,0,0
2023-09-06,1132,-2.3959,0,0,1,1,0
2023-09-07,1149,-3.1189,0,0,0,0,1
2023-09-08,1153,0.3605,0,1,0,0,0
2023-09-09,773,-1.9531,0,0,0,0,0
2023-09-10,837,-3.1234,0,0,0,0,0
2023-09-11,1218,1.8033,0,0,0,0,0
2023-09-12,1162,2.049,0,0,0,0,0
2023-09-13,1158,-3.0011,0,0,0,1,1
2023-09-14,1160,-6.1663,0,0,0,0,0
2023-09-15,1148,1.0188,0,0,0,0,0
2023-09-16,776,-3.2116,0,0,0,0,0
2023-09-17,800,0.4766,0,0,0,0,0
2023-09-18,1214,-6.4253,0,0,0,0,0
2023-09-19,1250,0.7315,0,0,0,0,0
2023-09-20,1123,-4.5279,0,0,0,0,0
2023-09-21,1237,0.3269,1,0,1,0,0
2023-09-22,1161,-1.4643,0,0,0,0,0
2023-09-23,790,-3.8848,0,0,0,0,0
2023-09-24,808,-2.5176,0,0,0,0,0
2023-09-25,1196,0.2158,1,0,0,0,0
2023-09-26,1095,-1.2353,0,0,1,0,0
2023-09-27,1224,-0.039,0,0,0,0,0
2023-09-28,1201,3.4411,0,0,1,1,0
2023-09-29,1144,-5.4106,0,0,0,0,0
2023-09-30,802,2.543,0,0,0,0,0
2023-10-01,782,-1.2391,0,0,0,0,0
2023-10-02,1165,-3.747,0,0,0,0,0
2023-10-03,1148,-4.8258,0,0,0,0,0
2023-10-04,1209,-1.9728,0,0,0,0,0
2023-10-05,1234,0.8041,0,0,0,0,0
2023-10-06,1137,-1.8189,0,0,1,1,0
2023-10-07,806,2.2779,0,0,0,0,0
2023-10-08,795,-5.1279,0,0,0,0,0
2023-10-09,1174,-1.5302,0,0,0,0,0
2023-10-10,1215,-4.631,0,0,0,0,0
2023-10-11,1184,-0.5909,0,0,0,0,0
2023-10-12,1212,0.7172,0,0,0,0,0
2023-10-13,1142,-2.5519,0,0,0,0,0
2023-10-14,780,-8.0105,0,0,0,0,0
2023-10-15,774,-1.0026,0,0,0,0,0
2023-10-16,1159,-0.4082,0,0,0,0,0
2023-10-17,1135,-0.4893,0,0,0,0,0
2023-10-18,1190,1.5895,0,0,0,0,0
2023-10-19,1146,-4.1776,0,0,0,0,0
2023-10-20,1238,0.2005,0,0,0,1,0
2023-10-21,772,1.4813,0,0,1,1,0
2023-10-22,846,-5.9465,0,0,0,0,0
2023-10-23,1207,-0.7009,0,0,0,0,0
2023-10-24,1231,-2.7604,0,0,0,0,0
2023-10-25,1180,-1.7038,0,0,0,0,0
2023-10-26,1201,-0.6308,0,0,0,1,0
2023-10-27,1147,-2.7181,0,0,0,0,0
2023-10-28,784,-3.1893,0,0,1,1,0
2023-10-29,770,-1.4146,0,0,0,0,0
2023-10-30,1203,-4.2181,0,0,0,0,0
2023-10-31,1182,-4.2146,0,0,0,0,0
2023-11-01,1179,0.1984,0,0,0,0,0
2023-11-02,1171,-4.372,0,0,0,0,0
2023-11-03,1230,0.1658,0,0,0,0,0
2023-11-04,797,-0.3435,0,0,0,0,0
2023-11-05,788,-5.8145,1,1,0,0,0
2023-11-06,1149,-3.1939,0,0,0,0,0
2023-11-07,1275,1.4853,0,0,0,0,0
2023-11-08,1126,-3.9529,0,0,0,0,0
2023-11-09,1208,-2.661,0,0,0,0,0
2023-11-10,1153,-0.3448,0,0,0,0,0
2023-11-11,776,0.4585,0,1,0,0,0
2023-11-12,772,-2.1288,0,0,0,0,1
2023-11-13,1218,-2.9938,0,1,0,0,0
2023-11-14,1184,2.0559,0,0,0,0,0
2023-11-15,1188,2.8472,0,0,0,0,0
2023-11-16,1192,0.9471,0,0,0,0,0
2023-11-17,1196,-1.2867,0,0,0,0,0
2023-11-18,819,-3.5207,0,0,0,0,0
2023-11-19,779,-3.5761,0,0,1,0,0
2023-11-20,1186,-0.1937,0,0,0,0,0
2023-11-21,1260,-0.454,0,0,0,0,0
2023-11-22,1147,2.004,0,0,0,0,0
2023-11-23,1214,0.1261,0,0,0,0,0
2023-11-24,1153,-5.2577,0,0,0,0,0
2023-11-25,808,1.1299,1,0,1,1,0
2023-11-26,836,-3.9952,0,0,0,0,0
2023-11-27,1155,-2.4599,0,0,0,0,0
2023-11-28,1171,-0.8745,0,0,0,0,0
2023-11-29,1230,3.4892,0,0,0,0,0
2023-11-30,1182,6.2748,0,0,0,1,0
2023-12-01,1146,0.0168,0,0,0,0,0
2023-12-02,766,-1.958,0,0,0,0,0
2023-12-03,824,-0.1637,0,0,0,0,0
2023-12-04,1167,0.7191,0,0,0,0,0
2023-12-05,1225,-2.3017,0,0,0,0,0
2023-12-06,1221,2.988,0,0,0,0,0
2023-12-07,1171,-0.9248,0,0,1,1,0
2023-12-08,1160,-0.2556,0,0,0,0,0
2023-12-09,805,0.1648,0,0,0,0,1
2023-12-10,797,-0.446,0,0,0,0,0
2023-12-11,1155,0.5974,0,0,0,0,0
2023-12-12,1200,-3.0431,0,0,0,0,0
2023-12-13,1272,-2.8958,1,0,0,0,0
2023-12-14,1221,-4.2504,0,0,0,0,0
2023-12-15,1222,-0.4012,0,0,0,0,1
2023-12-16,805,0.4473,0,0,0,0,0
2023-12-17,794,-0.3556,0,0,0,0,0
2023-12-18,1273,2.6862,0,0,0,0,0
2023-12-19,1195,-1.514,0,0,0,0,0
2023-12-20,1149,0.1719,0,0,0,0,0
2023-12-21,1249,-4.2293,0,1,0,0,0
2023-12-22,1209,-2.4677,0,0,0,0,0
2023-12-23,745,0.2388,0,0,0,0,1
2023-12-24,824,0.6228,0,0,0,0,0
2023-12-25,1182,-2.2349,0,0,0,0,0
2023-12-26,1203,-1.679,0,0,1,0,0
2023-12-27,1183,-5.2947,0,0,0,0,0
2023-12-28,1227,-2.3926,0,1,1,0,0
2023-12-29,1167,0.726,0,0,0,0,0
2023-12-30,768,-0.062,0,0,0,0,0
2023-12-31,800,-0.2483,0,0,0,0,0
2024-01-01,1263,-1.3756,0,0,0,0,0
2024-01-02,1208,-1.4823,0,0,1,1,0
2024-01-03,1154,-3.1508,0,0,0,0,0
2024-01-04,1200,0.2471,0,0,0,0,0
2024-01-05,1128,-0.4476,0,0,0,0,0
2024-01-06,776,-0.27,0,0,0,0,0
2024-01-07,776,-2.8151,0,0,0,0,0
2024-01-08,1207,-6.8834,0,0,0,0,0
2024-01-09,1232,1.2429,0,0,0,0,0
2024-01-10,1202,-2.6971,0,0,0,0,0
2024-01-11,1189,-3.6569,0,0,0,0,0
2024-01-12,1155,0.2337,0,0,1,0,0
2024-01-13,790,-2.48,0,0,0,0,0
2024-01-14,810,1.1498,0,0,0,0,0
2024-01-15,1224,0.0425,0,0,0,0,0
2024-01-16,1168,0.2089,0,0,0,0,0
2024-01-17,1236,-4.9149,0,0,0,0,0
2024-01-18,1216,1.5299,0,0,0,0,0
2024-01-19,1142,-0.8469,0,0,1,1,0
2024-01-20,816,-2.4232,0,0,0,0,0
2024-01-21,827,-1.1415,0,0,1,1,0
2024-01-22,1219,-5.9406,0,0,0,0,1
2024-01-23,1176,-0.4784,0,0,0,0,0
2024-01-24,1165,-4.0734,0,0,0,1,0
2024-01-25,1160,-4.8817,0,0,0,0,0
2024-01-26,1191,-5.3059,0,0,0,1,0
2024-01-27,825,1.2817,0,0,0,0,0
2024-01-28,781,-3.0732,0,0,0,0,0
2024-01-29,1209,2.3343,0,0,0,0,0
2024-01-30,1213,-2.8395,0,0,0,0,0
2024-01-31,1206,-5.7684,0,0,0,1,0
2024-02-01,1177,-4.2913,0,0,0,0,0
2024-02-02,1231,1.5895,0,0,0,0,0
2024-02-03,832,-1.8897,0,1,0,0,0
2024-02-04,836,-2.8707,0,0,0,0,0
2024-02-05,1191,-1.1,0,0,0,0,0
2024-02-06,1173,-0.2455,0,0,1,0,0
2024-02-07,1214,1.2935,0,0,0,0,0
2024-02-08,1153,2.1212,0,0,0,1,0
2024-02-09,1159,-2.3994,0,0,0,0,1
2024-02-10,764,-4.8151,0,0,0,0,0
2024-02-11,782,-2.5337,0,0,0,0,0
2024-02-12,1216,-0.8493,0,0,0,0,0
2024-02-13,1165,-3.9094,0,0,0,0,0
2024-02-14,1152,-3.8929,0,0,0,0,0
2024-02-15,1250,-0.6405,0,0,0,0,0
2024-02-16,1210,-1.6216,0,0,0,0,0
2024-02-17,794,-1.418,0,0,0,0,0
2024-02-18,801,-3.3962,0,0,0,0,0
2024-02-19,1158,-2.076,0,0,0,0,0
2024-02-20,1136,-3.8106,0,0,1,0,0
2024-02-21,1170,0.7255,0,0,0,0,0
2024-02-22,1176,1.0881,0,0,0,0,1
2024-02-23,1225,-6.1155,0,0,0,1,0
2024-02-24,804,-3.8238,0,0,0,0,0
2024-02-25,812,-5.2413,0,0,0,0,0
2024-02-26,1226,-3.1251,0,0,1,0,0
2024-02-27,1210,-1.7086,0,0,0,0,0
2024-02-28,1200,-5.1241,0,0,0,0,0
2024-02-29,1182,-3.8046,0,0,0,0,0
2024-03-01,1144,-4.0099,0,0,0,0,0
2024-03-02,817,-0.9818,0,0,0,0,0
2024-03-03,814,-1.3266,0,0,0,0,0
2024-03-04,1170,-3.3043,0,0,1,1,0
2024-03-05,1236,-1.0579,1,0,0,0,0
2024-03-06,1173,-2.8667,0,0,0,0,0
2024-03-07,1184,-2.1791,0,0,0,0,0
2024-03-08,1263,2.6836,0,0,0,0,0
2024-03-09,857,1.8512,0,0,0,0,0
2024-03-10,774,-4.749,0,0,0,0,0
2024-03-11,1250,0.5743,0,0,0,0,0
2024-03-12,1237,0.5285,0,0,0,0,0
2024-03-13,1221,-4.3707,0,0,0,0,0
2024-03-14,1171,0.5469,1,0,0,0,0
2024-03-15,1280,2.3448,0,0,0,0,0
2024-03-16,815,-4.3064,0,0,0,0,0
2024-03-17,773,-3.7938,0,0,0,0,0
2024-03-18,1263,1.0442,0,0,1,0,0
2024-03-19,1221,-0.8213,0,0,0,0,0
2024-03-20,1267,-0.1213,0,0,1,0,0
2024-03-21,1280,-0.6485,0,0,0,0,0
2024-03-22,1246,-0.5233,0,0,0,0,0
2024-03-23,786,-4.8162,0,0,0,0,0
2024-03-24,778,1.1183,0,0,0,0,0
2024-03-25,1132,1.424,0,0,0,0,0
2024-03-26,1182,-2.0735,0,0,0,0,0
2024-03-27,1126,-1.6087,0,0,1,0,0
2024-03-28,1203,-5.3278,0,0,1,0,0
2024-03-29,1179,-0.2144,1,0,0,0,0
2024-03-30,835,-0.0699,0,0,0,0,0
2024-03-31,779,-1.6555,0,0,0,0,0
2024-04-01,1249,1.3109,0,0,0,1,0
2024-04-02,1250,-2.3352,0,0,0,0,0
2024-04-03,1276,-0.0885,0,0,0,0,0
2024-04-04,1231,-4.0492,0,0,0,1,0
2024-04-05,1197,-1.5589,0,0,0,1,0
2024-04-06,820,-1.9359,0,0,0,0,0
2024-04-07,794,-0.9367,0,0,0,0,0
2024-04-08,1170,-2.4238,0,0,0,0,0
2024-04-09,1184,-1.8287,0,0,0,0,0
2024-04-10,1177,0.5651,0,0,0,0,0
2024-04-11,1104,-2.5919,0,0,0,0,0
2024-04-12,1186,-5.5164,0,0,0,0,0
2024-04-13,822,2.874,0,0,0,0,0
2024-04-14,793,1.9536,0,0,0,0,0
2024-04-15,1280,-4.7307,0,0,0,0,0
2024-04-16,1212,0.2243,0,0,1,1,0
2024-04-17,1279,-2.7574,0,0,0,0,0
2024-04-18,1212,-0.8413,0,0,0,0,0
2024-04-19,1168,-0.7644,0,0,0,0,0
2024-04-20,777,-2.086,0,0,1,0,0
2024-04-21,822,-3.4594,0,0,0,0,0
2024-04-22,1252,-3.2264,0,0,0,0,0
2024-04-23,1189,-3.7905,0,0,0,0,0
2024-04-24,1221,-3.5796,0,0,0,0,0
2024-04-25,1238,-1.6679,0,0,0,0,0
2024-04-26,1167,-3.2894,0,0,0,1,0
2024-04-27,806,0.2051,0,0,0,0,0
2024-04-28,759,2.2181,0,0,0,0,0
2024-04-29,1173,-2.9501,0,0,0,0,1
2024-04-30,1246,-0.9015,0,0,0,0,0
2024-05-01,1216,-0.2508,0,0,0,0,0
2024-05-02,1137,-0.32,0,0,0,0,0
2024-05-03,1185,-1.3101,0,0,0,0,0
2024-05-04,816,0.3567,0,1,1,0,0
2024-05-05,756,-0.2944,0,0,1,0,0
2024-05-06,1220,-4.5942,0,0,0,0,0
2024-05-07,1245,0.6729,0,0,1,1,0
2024-05-08,1197,0.7182,0,0,0,0,0
2024-05-09,1239,-3.4082,0,0,0,0,0
2024-05-10,1219,-1.4052,0,0,0,0,0
2024-05-11,782,0.2083,0,0,0,0,0
2024-05-12,824,-2.0233,0,0,0,0,0
2024-05-13,1244,1.1824,0,0,0,0,0
2024-05-14,1224,4.4097,1,0,0,0,0
2024-05-15,1221,-3.465,0,0,0,1,0
2024-05-16,1213,-4.9526,1,0,0,0,0
2024-05-17,1156,-0.7405,0,0,0,0,0
2024-05-18,832,0.3039,0,0,0,0,0
2024-05-19,827,-2.0772,0,0,0,0,0
2024-05-20,1182,2.1332,1,0,1,0,0
2024-05-21,1156,-4.8465,0,0,0,0,0
2024-05-22,1242,0.2323,0,0,0,0,0
2024-05-23,1214,-3.0147,0,0,0,0,0
2024-05-24,1214,2.7984,0,0,0,0,0
2024-05-25,822,3.4813,0,0,0,0,0
2024-05-26,820,-3.4166,0,0,0,0,0
2024-05-27,1303,-2.8739,0,0,0,0,0
2024-05-28,1214,0.649,0,0,0,0,0
2024-05-29,1143,-2.4678,0,0,0,0,0
2024-05-30,1220,-1.6135,0,0,0,0,0
2024-05-31,1177,-1.4365,0,0,0,0,0
2024-06-01,752,-6.2992,0,0,0,0,0
2024-06-02,788,-1.5346,0,0,0,0,0
2024-06-03,1228,-3.2243,0,0,0,0,0
2024-06-04,1230,-2.7328,0,0,0,0,0
2024-06-05,1198,2.1091,0,0,0,0,0
2024-06-06,1220,-4.6413,0,0,0,0,0
2024-06-07,1191,0.533,1,0,0,0,0
2024-06-08,772,-2.1974,0,0,0,0,0
2024-06-09,814,-2.1994,0,0,0,1,0
2024-06-10,1135,0.4759,0,0,0,1,0
2024-06-11,1216,-0.6499,0,0,0,0,0
2024-06-12,1286,-0.0735,0,0,0,0,0
2024-06-13,1192,0.9205,1,0,0,0,0
2024-06-14,1191,-2.3283,0,0,0,0,0
2024-06-15,792,-3.0306,0,0,1,1,0
2024-06-16,836,-4.2129,0,0,0,0,0
2024-06-17,1165,-3.5635,0,0,0,0,0
2024-06-18,1216,5.8727,0,0,0,0,0
2024-06-19,1248,1.6117,0,0,0,0,0
2024-06-20,1314,-4.8777,0,0,0,0,0
2024-06-21,1249,-4.8061,0,0,0,0,0
2024-06-22,820,-0.2953,0,0,0,0,0
2024-06-23,820,-0.1318,0,0,0,0,0
2024-06-24,1150,-0.1278,0,0,0,0,0
2024-06-25,1266,-2.1374,0,0,0,0,0
2024-06-26,1236,-1.8136,0,0,0,0,0
2024-06-27,1147,-0.6803,0,0,0,1,0
2024-06-28,1220,-1.2853,0,0,0,0,0
2024-06-29,776,-7.0483,0,0,0,0,0
2024-06-30,750,-2.0745,0,0,0,0,0
2024-07-01,1173,-3.6285,0,0,0,0,0
2024-07-02,1178,-1.062,0,0,0,0,0
2024-07-03,1188,5.9631,0,0,0,0,0
2024-07-04,1210,-0.5813,0,0,0,0,0
2024-07-05,1221,-2.2838,0,0,0,0,0
2024-07-06,822,0.8045,0,0,0,0,0
2024-07-07,798,-0.2933,0,0,0,1,0
2024-07-08,1153,-0.4498,0,0,0,0,0
2024-07-09,1213,0.0171,0,0,0,0,0
2024-07-10,1206,3.6414,0,0,0,0,0
2024-07-11,1180,-4.3272,0,0,0,0,0
2024-07-12,1137,-0.3159,0,0,0,0,0
2024-07-13,725,-3.816,0,0,0,0,0
2024-07-14,792,-0.1112,0,0,0,0,0
2024-07-15,1207,-3.7967,0,0,0,0,0
2024-07-16,1236,-2.5434,0,0,0,0,0
2024-07-17,1158,-2.2377,0,0,0,0,0
2024-07-18,1214,0.9395,0,0,0,0,0
2024-07-19,1116,0.7961,0,0,0,0,0
2024-07-20,816,-4.6143,0,0,0,0,0
2024-07-21,816,-1.3627,0,0,0,0,0
2024-07-22,1182,-3.2739,0,0,0,0,1
2024-07-23,1134,-4.6463,0,0,0,0,0
2024-07-24,1204,-2.0425,0,0,0,0,0
2024-07-25,1195,-2.2712,0,0,0,0,0
2024-07-26,1202,4.5668,0,0,0,0,0
2024-07-27,756,-0.4176,0,0,0,0,0
2024-07-28,780,-4.944,0,0,0,0,0
2024-07-29,1249,-2.9119,0,0,0,0,0
2024-07-30,1160,1.0535,0,0,0,0,1
2024-07-31,1218,3.7211,0,0,0,0,0
2024-08-01,1206,-5.465,0,0,0,0,0
2024-08-02,1164,-6.1998,0,0,0,0,0
2024-08-03,753,3.1774,0,1,0,0,0
2024-08-04,781,-0.526,0,0,0,0,0
2024-08-05,1249,-3.6707,0,0,0,0,0
2024-08-06,1227,-0.1634,0,0,0,0,0
2024-08-07,1183,-8.0894,0,0,0,0,0
2024-08-08,1248,-1.4916,0,0,0,0,0
2024-08-09,1192,-0.6804,0,0,0,0,0
2024-08-10,799,0.8107,0,0,0,0,0
2024-08-11,838,-4.0347,0,0,0,0,1
2024-08-12,1174,-1.2858,0,0,0,0,0
2024-08-13,1262,-3.8136,0,0,0,0,0
2024-08-14,1213,-0.8615,0,0,1,0,0
2024-08-15,1226,-3.7384,0,0,0,0,0
2024-08-16,1224,-2.5203,0,0,0,0,0
2024-08-17,773,-3.9895,0,0,0,0,0
2024-08-18,830,0.1278,0,0,0,0,0
2024-08-19,1170,0.6461,0,0,0,1,0
2024-08-20,1194,-2.0866,0,0,0,0,1
2024-08-21,1184,-1.4044,1,0,0,0,0
2024-08-22,1158,-5.1215,0,0,0,0,0
2024-08-23,1216,-2.2492,0,0,0,0,0
2024-08-24,821,-1.6255,0,0,0,0,0
2024-08-25,779,5.052,0,0,0,1,0
2024-08-26,1159,-4.2799,0,0,1,0,0
2024-08-27,1182,2.1604,0,0,0,1,0
2024-08-28,1192,0.9921,0,0,0,0,0
2024-08-29,1213,-0.7984,0,0,0,0,1
2024-08-30,1158,2.8966,0,0,1,1,0
2024-08-31,812,-0.5697,0,0,0,0,0
2024-09-01,828,-0.5271,0,0,0,1,0
2024-09-02,1209,-1.6328,0,0,0,0,0
2024-09-03,1165,1.5589,0,0,0,0,0
2024-09-04,1173,1.2412,0,0,0,0,0
2024-09-05,1203,-3.0642,0,0,0,0,0
2024-09-06,1100,-4.7981,0,0,0,0,0
2024-09-07,796,-2.0075,1,0,0,0,0
2024-09-08,786,-3.5001,0,0,0,1,0
2024-09-09,1104,-1.6588,0,0,0,0,0
2024-09-10,1215,1.5936,0,0,0,0,1
2024-09-11,1195,-2.6433,1,0,0,0,0
2024-09-12,1198,-1.6071,0,0,0,0,0
2024-09-13,1153,-1.3549,0,0,0,1,0
2024-09-14,785,0.6211,0,0,0,0,0
2024-09-15,776,-7.1172,0,0,0,0,0
2024-09-16,1318,-3.0168,0,0,0,0,0
2024-09-17,1219,-0.9718,0,0,0,0,0
2024-09-18,1249,1.5002,0,0,0,0,0
2024-09-19,1221,-2.7298,0,0,0,0,0
2024-09-20,1280,-6.1914,0,0,0,0,0
2024-09-21,800,0.0493,0,0,0,0,0
2024-09-22,832,-3.0884,0,0,0,1,0
2024-09-23,1221,-4.4742,1,0,0,0,0
2024-09-24,1166,-3.0609,0,0,0,1,0
2024-09-25,1188,-1.9613,0,0,0,0,0
2024-09-26,1144,-3.0119,0,0,0,0,0
2024-09-27,1249,-7.0139,0,0,0,0,0
2024-09-28,804,0.7427,0,0,0,0,0
2024-09-29,834,1.6872,0,0,0,0,0
2024-09-30,1180,0.1288,0,0,0,0,0
2024-10-01,1237,-4.3442,0,0,1,0,0
2024-10-02,1236,-2.0037,0,0,0,0,0
2024-10-03,1238,-1.5163,0,0,0,0,0
2024-10-04,1204,-0.003,0,0,0,0,0
2024-10-05,787,0.1709,0,0,0,0,0
2024-10-06,792,-3.3354,0,0,0,0,0
2024-10-07,1188,-1.295,0,0,0,0,1
2024-10-08,1168,-0.3568,0,0,0,0,0
2024-10-09,1167,2.1396,0,0,0,0,0
2024-10-10,1210,0.2613,0,0,0,0,0
2024-10-11,1213,0.4726,0,0,0,0,0
2024-10-12,791,-1.2904,0,0,0,0,0
2024-10-13,801,2.0261,0,0,0,0,0
2024-10-14,1186,-0.4756,0,0,0,0,0
2024-10-15,1208,-3.6527,0,1,0,0,0
2024-10-16,1212,2.0084,0,0,0,0,0
2024-10-17,1238,0.2448,0,0,1,0,0
2024-10-18,1292,-2.6076,0,0,0,0,0
2024-10-19,775,-2.6987,0,0,0,0,0
2024-10-20,810,-0.7586,1,0,0,0,0
2024-10-21,1170,-0.342,0,0,0,0,0
2024-10-22,1183,-1.0068,0,0,0,0,0
2024-10-23,1198,-0.7217,0,1,0,0,0
2024-10-24,1176,2.7499,0,0,0,0,0
2024-10-25,1236,1.1789,1,0,0,0,0
2024-10-26,785,-1.0234,0,0,0,0,0
2024-10-27,816,0.8533,0,0,1,0,0
2024-10-28,1190,-4.0813,0,0,0,0,0
2024-10-29,1160,-0.5052,0,0,0,0,0
2024-10-30,1160,3.0233,0,0,0,0,0
2024-10-31,1224,-2.0451,0,0,0,0,0
2024-11-01,1207,-3.6191,0,0,0,1,0
2024-11-02,824,-3.1302,0,0,0,0,0
2024-11-03,858,-4.2241,0,0,1,0,0
2024-11-04,1239,-3.4619,0,0,0,0,0
2024-11-05,1167,-2.4263,0,0,0,0,0
2024-11-06,1212,-5.0139,1,0,0,0,0
2024-11-07,1243,-1.461,0,0,0,0,1
2024-11-08,1183,0.7557,0,0,0,0,0
2024-11-09,822,-3.7694,0,0,0,0,0
2024-11-10,826,2.2982,0,0,0,0,0
2024-11-11,1218,-0.223,0,0,0,0,0
2024-11-12,1213,1.0765,0,0,0,1,0
2024-11-13,1209,-3.1446,0,0,0,0,0
2024-11-14,1227,0.6363,0,0,0,1,0
2024-11-15,1166,-4.2298,0,0,0,0,0
2024-11-16,808,0.7256,0,0,0,0,0
2024-11-17,779,-1.0704,0,0,0,0,0
2024-11-18,1209,-0.1169,0,0,0,0,1
2024-11-19,1221,-4.439,0,0,0,0,0
2024-11-20,1191,-3.7377,0,0,0,0,0
2024-11-21,1150,-0.0069,0,0,0,1,0
2024-11-22,1225,-3.8709,0,0,0,0,0
2024-11-23,782,-0.342,0,0,0,1,0
2024-11-24,758,-4.9178,0,0,0,0,0
2024-11-25,1162,0.6204,0,0,0,0,0
2024-11-26,1167,-4.5813,0,0,0,0,0
2024-11-27,1129,-0.1193,0,0,0,0,0
2024-11-28,1128,0.0641,0,0,1,0,0
2024-11-29,1168,-3.2419,0,0,0,0,0
2024-11-30,834,-0.0449,0,0,0,0,0
2024-12-01,802,-0.8489,0,0,0,1,0
2024-12-02,1180,-2.8471,0,0,0,1,0
2024-12-03,1206,-4.0214,0,0,0,0,0
2024-12-04,1196,-6.4066,0,0,0,0,0
2024-12-05,1207,-0.6259,0,0,0,0,0
2024-12-06,1159,-5.412,0,0,0,0,0
2024-12-07,776,-1.2616,0,0,0,0,0
2024-12-08,760,-2.1586,0,0,0,0,0
2024-12-09,1230,0.1979,0,0,0,0,1
2024-12-10,1218,-2.2551,0,0,0,0,0
2024-12-11,1268,-2.3236,0,0,0,0,0
2024-12-12,1189,0.3297,0,0,0,0,0
2024-12-13,1204,-0.6624,0,0,0,0,0
2024-12-14,801,-0.7096,0,0,0,0,0
2024-12-15,759,-0.3268,0,0,0,0,0
2024-12-16,1149,-5.3389,0,0,0,0,0
2024-12-17,1233,0.392,0,0,0,0,0
2024-12-18,1094,0.0312,0,0,0,0,0
2024-12-19,1172,-4.0417,0,0,1,1,0
2024-12-20,1137,-2.1102,0,0,0,0,0
2024-12-21,804,-1.5983,0,0,0,0,0
2024-12-22,792,-1.8362,0,0,0,0,0
2024-12-23,1210,-0.6654,0,0,0,0,0
2024-12-24,1264,2.0784,0,0,0,0,0
2024-12-25,1147,1.2044,0,0,0,0,0
2024-12-26,1186,-4.7805,0,0,0,1,0
2024-12-27,1249,0.0552,0,0,0,0,0
2024-12-28,823,1.8223,0,0,0,0,0
2024-12-29,756,-0.533,0,0,0,0,0
2024-12-30,1159,1.2275,0,0,1,0,0
2024-12-31,1183,3.5307,0,0,1,1,0
2025-01-01,1215,1.0593,0,0,0,0,0
2025-01-02,1150,-0.8767,0,0,0,0,0
2025-01-03,1266,1.1127,0,0,0,0,0
2025-01-04,808,-1.1378,0,0,0,1,0
2025-01-05,772,-1.4402,0,0,0,1,0
2025-01-06,1189,-2.3785,0,0,0,0,0
2025-01-07,1185,2.4085,0,0,0,0,0
2025-01-08,1178,-3.5461,0,0,0,0,0
2025-01-09,1192,2.3309,0,0,0,0,0
2025-01-10,1215,-0.2503,0,0,0,0,0
2025-01-11,808,-4.9983,0,0,0,0,0
2025-01-12,770,-0.5809,0,0,0,0,1
2025-01-13,1233,-6.7501,0,0,0,0,0
2025-01-14,1120,0.0638,0,0,0,0,0
2025-01-15,1153,0.7131,0,0,0,0,0
2025-01-16,1177,-2.9809,0,0,0,0,0
2025-01-17,1221,-1.1911,0,0,0,0,0
2025-01-18,825,3.3854,0,0,0,0,0
2025-01-19,785,-2.7644,0,0,0,0,0
2025-01-20,1202,-4.1473,0,0,0,0,0
2025-01-21,1150,2.2042,0,0,0,0,0
2025-01-22,1194,3.4065,0,0,0,0,0
2025-01-23,1185,-1.4908,0,0,0,0,0
2025-01-24,1240,1.0287,0,0,0,0,0
2025-01-25,820,1.8537,0,0,0,0,0
2025-01-26,793,-3.3562,0,0,0,0,0
2025-01-27,1230,-2.7133,0,0,0,0,0
2025-01-28,1203,1.5772,0,0,0,0,0
2025-01-29,1297,2.7125,0,0,0,0,0
2025-01-30,1144,-0.0928,0,0,0,0,0
2025-01-31,1195,-3.6995,0,0,0,0,0
2025-02-01,760,3.4677,0,0,0,0,0
2025-02-02,770,-2.8274,0,0,0,0,0
2025-02-03,1227,-2.3378,0,0,0,0,0
2025-02-04,1186,-0.6442,0,0,0,0,0
2025-02-05,1195,2.3854,0,0,0,0,0
2025-02-06,1233,0.6349,0,0,1,1,0
2025-02-07,1221,-0.4628,0,0,0,0,0
2025-02-08,780,-0.3418,0,0,0,0,1
2025-02-09,796,-1.3912,0,0,0,0,0
2025-02-10,1218,-0.1047,0,0,0,0,0
2025-02-11,1214,-7.8239,0,0,1,0,0
2025-02-12,1126,-2.2415,0,0,0,0,0
2025-02-13,1155,-0.8967,0,0,0,1,0
2025-02-14,1201,-4.3775,0,0,0,0,0
2025-02-15,736,-0.5342,0,0,0,0,0
2025-02-16,816,-2.0112,0,0,0,0,0
2025-02-17,1130,2.8887,0,0,1,1,0
2025-02-18,1183,2.4325,0,0,0,0,0
2025-02-19,1183,-2.6645,0,0,0,1,0
2025-02-20,1218,-1.8771,0,0,1,0,0
2025-02-21,1159,-1.6849,0,0,0,0,0
2025-02-22,812,-2.6291,0,0,0,0,0
2025-02-23,781,-1.0124,0,0,0,0,0
2025-02-24,1177,-3.3957,0,0,0,0,0
2025-02-25,1213,-4.3265,0,0,0,1,0
2025-02-26,1165,0.0568,0,0,0,0,0
2025-02-27,1212,0.0738,1,0,0,1,0
2025-02-28,1215,-3.5108,0,1,0,0,0
2025-03-01,824,0.7384,0,0,0,0,0
2025-03-02,805,-3.0789,0,0,0,0,0
2025-03-03,1238,-0.8671,0,0,0,0,1
2025-03-04,1150,0.5509,0,0,0,0,0
2025-03-05,1269,-1.584,0,0,0,0,0
2025-03-06,1185,-0.3631,0,0,0,0,0
2025-03-07,1192,-2.7911,0,0,0,0,0
2025-03-08,852,-1.9912,0,0,0,0,0
2025-03-09,765,-2.0146,0,0,0,0,0
2025-03-10,1254,-3.3664,1,1,0,0,0
2025-03-11,1176,-1.9419,0,0,0,0,0
2025-03-12,1246,-5.3715,0,0,0,0,0
2025-03-13,1264,-2.7279,0,0,0,0,0
2025-03-14,1230,-2.2122,0,0,0,0,0
2025-03-15,828,-2.1404,0,0,0,0,0
2025-03-16,821,-2.1037,0,0,0,0,0
2025-03-17,1160,-1.6544,0,0,0,0,0
2025-03-18,1106,-0.3014,0,0,0,0,0
2025-03-19,1150,0.6863,0,0,0,0,0
2025-03-20,1238,-3.1244,0,0,0,0,0
2025-03-21,1200,-4.508,0,0,0,0,0
2025-03-22,817,-4.1051,0,0,0,0,0
2025-03-23,806,-2.718,0,0,0,0,0
2025-03-24,1177,-2.3798,0,0,0,0,0
2025-03-25,1221,-3.425,0,0,0,0,0
2025-03-26,1214,-4.7403,0,0,1,1,0
2025-03-27,1156,-2.6403,0,0,0,0,0
2025-03-28,1142,-1.0464,0,0,0,0,0
2025-03-29,824,-0.0124,0,0,0,0,0
2025-03-30,804,-2.8936,0,0,0,0,0
2025-03-31,1212,-2.5325,0,0,1,0,0
2025-04-01,1184,-3.8167,0,0,0,0,0
2025-04-02,1206,-1.5786,0,0,0,0,0
2025-04-03,1230,-3.6211,0,0,1,0,0
2025-04-04,1228,-0.0672,0,0,0,0,0
2025-04-05,864,-5.9647,0,0,0,0,0
2025-04-06,787,-2.3991,0,0,0,0,0
2025-04-07,1178,-0.7472,0,0,0,0,0
2025-04-08,1194,-1.0404,0,0,0,0,0
2025-04-09,1252,5.2326,0,0,0,0,0
2025-04-10,1188,-0.6255,0,0,0,1,0
2025-04-11,1221,-4.0101,0,0,0,0,0
2025-04-12,808,-1.7387,0,0,0,0,0
2025-04-13,823,-5.9406,0,0,0,0,0
2025-04-14,1209,-1.7015,0,0,0,0,0
2025-04-15,1215,-3.5826,0,0,0,0,0
2025-04-16,1208,0.7885,0,0,0,0,0
2025-04-17,1206,-2.8739,1,0,0,0,0
2025-04-18,1219,-1.7919,0,0,0,0,0
2025-04-19,782,-3.0889,0,0,1,1,0
2025-04-20,800,2.8471,0,0,0,0,0
2025-04-21,1122,-2.3031,0,0,0,0,0
2025-04-22,1233,3.0814,0,0,0,0,0
2025-04-23,1234,0.5354,0,0,1,0,0
2025-04-24,1194,-0.2948,0,0,0,0,0
2025-04-25,1180,-0.5782,0,0,0,0,0
2025-04-26,759,-0.5155,0,0,0,0,0
2025-04-27,807,-6.3192,0,0,0,0,0
2025-04-28,1215,-2.1972,0,0,0,0,0
2025-04-29,1214,0.6129,0,0,0,0,0
2025-04-30,1147,-1.6222,0,0,0,0,0
2025-05-01,1243,-5.013,0,0,0,0,0
2025-05-02,1207,-1.631,0,0,0,0,0
2025-05-03,774,2.7603,0,0,0,0,0
2025-05-04,788,1.6172,1,0,0,0,0
2025-05-05,1173,-1.655,0,0,0,0,0
2025-05-06,1177,0.8786,0,0,0,0,0
2025-05-07,1172,-2.4163,0,0,0,0,0
2025-05-08,1250,-5.7597,0,1,0,0,0
2025-05-09,1161,-3.8112,1,0,0,0,0
2025-05-10,796,2.4072,0,0,0,0,0
2025-05-11,768,-2.185,0,0,1,0,0
2025-05-12,1226,-2.1085,0,0,0,0,0
2025-05-13,1192,-2.2496,0,0,0,1,0
2025-05-14,1231,3.2603,0,0,0,0,0
2025-05-15,1212,2.5649,0,0,0,0,0
2025-05-16,1228,4.047,0,0,0,0,0
2025-05-17,862,-1.8976,0,0,1,0,0
2025-05-18,747,-0.7609,1,0,0,1,0
2025-05-19,1172,-5.2916,0,0,0,0,0
2025-05-20,1260,2.1923,0,0,0,0,0
2025-05-21,1173,-4.4194,0,0,1,1,0
2025-05-22,1194,-0.9581,0,1,0,0,0
2025-05-23,1126,-4.2433,0,1,0,0,0
2025-05-24,726,-2.9722,0,0,0,0,0
2025-05-25,840,-3.5932,0,0,0,0,0
2025-05-26,1203,-3.0197,0,0,0,0,0
2025-05-27,1183,-2.8478,0,1,0,0,0
2025-05-28,1274,-2.8707,0,0,0,0,0
2025-05-29,1191,0.5833,0,0,0,0,0
2025-05-30,1172,-4.2622,0,0,0,0,0
2025-05-31,776,-0.9486,0,0,0,0,0
2025-06-01,797,1.5449,1,0,0,0,0
2025-06-02,1212,-2.783,0,0,0,0,0
2025-06-03,1147,-3.2948,0,0,0,0,0
2025-06-04,1167,-2.0763,0,0,0,0,0
2025-06-05,1244,1.4493,0,0,0,1,0
2025-06-06,1202,-1.0147,0,0,0,0,0
2025-06-07,831,-2.828,1,0,0,0,0
2025-06-08,752,-0.2903,0,0,0,0,0
2025-06-09,1204,-4.2557,0,0,1,0,0
2025-06-10,1195,0.2034,0,0,0,0,0
2025-06-11,1244,-0.4785,0,0,0,0,0
2025-06-12,1196,-2.2695,0,0,0,0,0
2025-06-13,1216,-3.5965,0,0,0,0,0
2025-06-14,749,-3.7167,0,0,0,0,0
2025-06-15,824,-0.163,0,0,0,0,1
2025-06-16,1164,1.5725,0,0,1,1,0
2025-06-17,1158,-3.0933,0,0,0,0,0
2025-06-18,1230,-0.354,0,0,0,0,0
2025-06-19,1164,-6.7176,0,0,0,0,0
2025-06-20,1251,-2.9615,0,0,0,0,0
2025-06-21,780,-1.5776,0,0,0,0,0
2025-06-22,715,-3.7742,0,0,0,0,1
2025-06-23,1196,-3.8413,0,0,0,0,0
2025-06-24,1203,-3.1694,0,0,0,0,0
2025-06-25,1143,-0.7695,0,0,0,0,0
2025-06-26,1239,-1.9683,0,0,1,0,0
2025-06-27,1164,-7.0956,0,0,0,0,0
2025-06-28,784,-6.8018,0,0,0,1,0
2025-06-29,805,-3.0172,0,0,0,0,0
2025-06-30,1236,-0.3558,0,0,0,0,1
2025-07-01,1263,-8.3688,0,0,0,0,0
2025-07-02,1156,-2.7493,0,0,0,0,0
2025-07-03,1234,-2.8156,0,0,0,0,0
2025-07-04,1153,1.9708,0,0,0,0,1
2025-07-05,774,-2.4626,0,0,0,0,0
2025-07-06,811,-0.5425,0,0,0,0,0
2025-07-07,1194,-1.1469,0,0,1,1,0
2025-07-08,1136,-6.8264,0,0,0,0,0
2025-07-09,1237,0.4205,0,0,0,0,0
2025-07-10,1214,-0.9615,0,0,0,0,0
2025-07-11,1251,-0.2293,0,0,0,0,0
2025-07-12,771,8.3156,0,0,0,0,0
2025-07-13,804,-6.7103,1,0,0,1,0
2025-07-14,1225,2.8117,0,0,1,1,0
2025-07-15,1134,-2.2186,0,0,0,0,0
2025-07-16,1161,-0.7817,0,0,0,0,0
2025-07-17,1239,-1.6138,0,0,0,0,0
2025-07-18,1224,-2.5606,0,0,0,0,0
2025-07-19,797,-2.9246,0,0,0,0,0
2025-07-20,796,-0.6762,0,0,0,0,0
2025-07-21,1198,-5.2929,0,0,0,0,0
2025-07-22,1182,0.3764,0,0,0,0,0
2025-07-23,1224,-2.5405,0,0,0,0,0
2025-07-24,1142,-4.3252,0,0,1,0,0
2025-07-25,1153,-2.625,0,0,0,0,0
2025-07-26,796,1.6429,0,0,0,0,0
2025-07-27,811,-2.8383,0,0,0,0,1
2025-07-28,1183,-0.6039,0,0,0,0,0
2025-07-29,1196,-3.3274,0,0,0,0,0
2025-07-30,1214,0.3948,0,0,0,0,0
2025-07-31,1219,0.2138,0,0,0,0,0
2025-08-01,1220,3.1215,0,0,0,0,0
2025-08-02,772,-1.9389,0,0,1,1,0
2025-08-03,778,0.1716,0,0,0,0,0
2025-08-04,1174,-1.2548,0,0,0,1,0
2025-08-05,1221,1.7397,0,0,0,0,0
2025-08-06,1178,-3.2971,0,0,0,0,0
2025-08-07,1216,0.3625,0,0,0,0,0
2025-08-08,1249,-1.9867,1,0,0,0,0
2025-08-09,823,-1.6605,0,0,0,0,0
2025-08-10,781,-1.2706,0,0,0,0,0
2025-08-11,1219,-0.8694,0,0,0,0,0
2025-08-12,1146,-1.7906,0,0,0,0,0
2025-08-13,1195,-0.9632,1,0,0,0,0
2025-08-14,1204,2.4453,0,0,0,0,0
2025-08-15,1191,0.9636,0,1,0,0,0
2025-08-16,818,0.6729,0,0,0,0,0
2025-08-17,783,-2.6388,0,0,0,0,0
2025-08-18,1176,-3.7231,0,0,0,0,1
2025-08-19,1230,0.8883,0,0,0,0,0
2025-08-20,1226,0.6901,0,1,0,0,0
2025-08-21,1240,2.1817,0,0,0,0,0
2025-08-22,1250,-3.01,0,0,0,0,0
2025-08-23,815,-2.0739,0,0,1,1,0
2025-08-24,760,-5.5987,0,0,0,1,0
2025-08-25,1177,-2.4812,0,0,0,0,0
2025-08-26,1177,0.9914,0,0,0,0,0
2025-08-27,1227,-2.6662,0,0,0,0,0
2025-08-28,1258,0.1012,0,0,0,0,0
2025-08-29,1218,-1.9763,0,0,0,0,0
2025-08-30,836,-0.6899,0,0,0,0,0
2025-08-31,756,-4.3692,0,0,0,0,0
2025-09-01,1234,-1.287,0,0,0,0,0
2025-09-02,1245,-8.9778,0,0,0,0,0
2025-09-03,1125,-1.9672,0,0,0,0,0
2025-09-04,1210,-5.5762,0,0,0,0,0
2025-09-05,1140,1.515,0,0,0,0,0
2025-09-06,812,0.4435,0,0,0,0,0
2025-09-07,834,-0.3333,0,0,0,0,0
2025-09-08,1201,2.3025,0,0,0,0,0
2025-09-09,1179,-3.8723,0,0,0,0,0
2025-09-10,1232,2.8684,0,0,0,0,0
2025-09-11,1255,0.8305,0,0,1,1,0
2025-09-12,1212,-2.0914,0,0,0,0,0
2025-09-13,806,1.3391,0,0,0,0,0
2025-09-14,779,-4.2657,0,0,0,1,0
2025-09-15,1143,-3.5613,0,0,0,0,0
2025-09-16,1198,-3.0215,0,0,0,0,0
2025-09-17,1286,-2.8224,0,0,0,0,0
2025-09-18,1227,-4.1414,0,0,1,1,0
2025-09-19,1214,1.5577,0,0,0,0,0
2025-09-20,780,-2.1471,0,0,0,0,0
2025-09-21,797,-0.6187,0,0,0,0,0
2025-09-22,1153,-2.9259,0,0,0,0,0
2025-09-23,1197,-6.0515,0,1,0,0,0
2025-09-24,1212,-0.8249,0,0,0,0,0
2025-09-25,1165,-6.2806,0,0,0,0,0
2025-09-26,1166,-1.6716,0,0,0,1,0
2025-09-27,763,-4.9208,1,1,0,0,0
2025-09-28,824,3.4682,0,0,0,1,0
2025-09-29,1201,0.7784,0,0,0,0,1
2025-09-30,1272,-1.2356,0,0,1,1,0
2025-10-01,1137,1.6593,0,0,0,0,0
2025-10-02,1146,-3.6158,0,1,0,0,0
2025-10-03,1201,-0.1413,0,0,0,0,0
2025-10-04,799,-1.0005,0,0,0,0,0
2025-10-05,782,-0.8399,0,0,0,0,0
2025-10-06,1191,1.6809,0,0,0,0,0
2025-10-07,1260,0.3312,0,0,0,0,0
2025-10-08,1212,-0.7782,0,0,0,0,0
2025-10-09,1239,-5.6372,1,0,0,0,0
2025-10-10,1214,-3.9001,0,0,0,0,0
2025-10-11,781,-1.8068,0,0,0,0,0
2025-10-12,807,-1.2666,0,0,1,0,0
2025-10-13,1147,-4.3255,0,0,0,0,0
2025-10-14,1195,4.5292,0,0,0,0,0
2025-10-15,1148,2.291,0,0,1,0,0
2025-10-16,1228,0.0053,0,0,0,0,0
2025-10-17,1135,-1.3199,0,0,0,0,0
2025-10-18,852,-2.0305,0,0,0,0,0
2025-10-19,813,-3.8798,0,0,0,0,0
2025-10-20,1209,-1.3063,0,0,1,0,0
2025-10-21,1214,-0.8556,0,0,1,0,0
2025-10-22,1212,-4.6044,0,0,0,0,0
2025-10-23,1225,-0.6646,0,0,0,0,0
2025-10-24,1258,-1.8881,0,0,0,0,0
2025-10-25,802,-6.2695,0,0,0,1,0
2025-10-26,784,-3.651,0,0,0,0,0
2025-10-27,1208,-2.534,0,0,0,0,0
2025-10-28,1148,3.2192,0,0,0,0,0
2025-10-29,1182,-0.1086,0,0,0,0,0
2025-10-30,1216,-4.8387,0,0,0,1,0
2025-10-31,1221,-0.2849,0,0,0,0,0
2025-11-01,812,-5.3683,0,0,1,0,0
2025-11-02,785,1.2067,1,0,0,0,0
2025-11-03,1194,-2.6778,0,0,0,0,0
2025-11-04,1239,-1.7341,0,0,0,0,0
2025-11-05,1263,1.8145,0,0,0,0,0
2025-11-06,1179,-4.7179,0,0,0,0,0
2025-11-07,1185,-4.9928,0,0,0,0,0
2025-11-08,815,-2.959,0,0,0,0,0
2025-11-09,790,1.0959,0,0,0,0,0
2025-11-10,1192,-5.2984,0,0,1,1,0
2025-11-11,1254,-8.5804,0,0,0,0,0
2025-11-12,1155,-2.6279,0,0,0,0,0
2025-11-13,1215,-0.1206,0,0,0,0,0
2025-11-14,1182,1.5007,0,0,0,0,0
2025-11-15,793,-2.6579,0,0,0,0,0
2025-11-16,812,-2.5286,0,0,0,0,0
2025-11-17,1185,1.3848,0,0,0,0,0
2025-11-18,1221,-6.1744,0,0,0,0,0
2025-11-19,1198,-2.4713,0,0,0,0,0
2025-11-20,1200,-1.0239,0,0,0,0,0
2025-11-21,1186,-0.377,0,0,0,0,0
2025-11-22,771,-2.7745,0,0,0,0,0
2025-11-23,820,-1.4139,0,0,0,0,0
2025-11-24,1176,-7.7208,0,0,0,0,0
2025-11-25,1147,-3.1456,0,0,0,0,0
2025-11-26,1179,-0.3662,0,0,0,0,0
2025-11-27,1210,-3.9557,0,0,0,0,0
2025-11-28,1300,-1.3525,0,0,0,0,0
2025-11-29,792,-0.3828,0,0,0,1,0
2025-11-30,803,-2.3564,0,0,0,0,0
2025-12-01,1206,-1.0738,0,0,0,0,0
2025-12-02,1230,-3.9068,0,0,0,0,0
2025-12-03,1194,-2.0165,0,0,0,0,0
2025-12-04,1172,0.0255,0,0,0,0,0
2025-12-05,1120,-1.1076,0,0,0,0,0
2025-12-06,804,-2.9663,0,0,0,0,0
2025-12-07,805,-0.9395,0,0,0,0,0
2025-12-08,1194,0.2865,0,0,0,0,0
2025-12-09,1198,-6.6249,0,0,0,1,0
2025-12-10,1213,1.3977,0,0,0,0,0
2025-12-11,1213,-2.3406,0,0,0,0,0
2025-12-12,1188,-0.4363,0,0,0,0,0
2025-12-13,798,1.4931,0,0,0,0,0
2025-12-14,840,-4.9292,0,0,0,0,0
2025-12-15,1203,-3.2736,0,0,0,0,0
2025-12-16,1150,-2.2214,0,0,0,0,0
2025-12-17,1149,-3.4594,0,0,0,0,0
2025-12-18,1174,2.8373,0,0,0,0,0
2025-12-19,1280,-3.6419,0,0,1,1,0
2025-12-20,797,-2.8889,0,0,0,1,0
2025-12-21,798,-0.989,0,0,0,0,0
2025-12-22,1209,-4.5054,0,0,0,1,0
2025-12-23,1176,-2.4892,0,0,0,0,0
2025-12-24,1230,-0.7064,0,0,0,0,0
2025-12-25,1201,-2.3322,0,0,0,0,0
2025-12-26,1208,-1.7335,1,0,0,0,0
2025-12-27,827,-2.8233,1,0,0,0,0
2025-12-28,805,-5.2862,0,0,0,0,0
2025-12-29,1164,-0.696,0,0,0,0,0
2025-12-30,1245,2.8873,0,0,0,0,0
2025-12-31,1244,-1.454,0,0,0,0,0
2026-01-01,1194,-0.9368,0,0,0,0,0
